lga_name,year,offence_count
BANYULE,2025,11496.0
BRIMBANK,2025,18798.0
DAREBIN,2025,17322.0
HOBSONS BAY,2025,7870.0
HUME,2025,23441.0
MARIBYRNONG,2025,12466.0
MELBOURNE,2025,46695.0
MELTON,2025,16851.0
MERRI-BEK,2025,14671.0
MOONEE VALLEY,2025,10329.0
NILLUMBIK,2025,2353.0
WHITTLESEA,2025,18378.0
WYNDHAM,2025,24450.0
YARRA,2025,15763.0
ALPINE,2025,555.0
BASS COAST,2025,3822.0
BAW BAW,2025,5193.0
BENALLA,2025,1556.0
BOROONDARA,2025,9964.0
EAST GIPPSLAND,2025,6497.0
GREATER SHEPPARTON,2025,10548.0
INDIGO,2025,598.0
KNOX,2025,10537.0
LATROBE,2025,14172.0
MANNINGHAM,2025,5053.0
MANSFIELD,2025,402.0
MAROONDAH,2025,9033.0
MITCHELL,2025,5591.0
MOIRA,2025,2751.0
MONASH,2025,15092.0
MURRINDINDI,2025,885.0
SOUTH GIPPSLAND,2025,2633.0
STRATHBOGIE,2025,672.0
TOWONG,2025,210.0
WANGARATTA,2025,2889.0
WELLINGTON,2025,5680.0
WHITEHORSE,2025,11844.0
WODONGA,2025,4260.0
YARRA RANGES,2025,8307.0
BAYSIDE,2025,5554.0
CARDINIA,2025,9665.0
CASEY,2025,31012.0
FRANKSTON,2025,17293.0
GLEN EIRA,2025,7715.0
GREATER DANDENONG,2025,22184.0
KINGSTON,2025,12282.0
MORNINGTON PENINSULA,2025,12194.0
PORT PHILLIP,2025,15872.0
STONNINGTON,2025,13842.0
ARARAT,2025,1566.0
BALLARAT,2025,14481.0
BULOKE,2025,287.0
CAMPASPE,2025,3914.0
CENTRAL GOLDFIELDS,2025,1441.0
COLAC-OTWAY,2025,1934.0
CORANGAMITE,2025,992.0
GANNAWARRA,2025,862.0
GLENELG,2025,2489.0
GOLDEN PLAINS,2025,803.0
GREATER BENDIGO,2025,12282.0
GREATER GEELONG,2025,25574.0
HEPBURN,2025,806.0
HINDMARSH,2025,367.0
HORSHAM,2025,2646.0
LODDON,2025,517.0
MACEDON RANGES,2025,2620.0
MILDURA,2025,8180.0
MOORABOOL,2025,3502.0
MOUNT ALEXANDER,2025,1458.0
MOYNE,2025,724.0
NORTHERN GRAMPIANS,2025,1584.0
PYRENEES,2025,528.0
QUEENSCLIFFE,2025,76.0
SOUTHERN GRAMPIANS,2025,1267.0
SURF COAST,2025,1277.0
SWAN HILL,2025,2322.0
WARRNAMBOOL,2025,3662.0
WEST WIMMERA,2025,180.0
YARRIAMBIACK,2025,507.0
BANYULE,2024,10171.0
BRIMBANK,2024,18524.0
DAREBIN,2024,17669.0
HOBSONS BAY,2024,7458.0
HUME,2024,21981.0
MARIBYRNONG,2024,11771.0
MELBOURNE,2024,42746.0
MELTON,2024,15212.0
MERRI-BEK,2024,15297.0
MOONEE VALLEY,2024,9888.0
NILLUMBIK,2024,2282.0
WHITTLESEA,2024,17051.0
WYNDHAM,2024,23051.0
YARRA,2024,15034.0
ALPINE,2024,414.0
BASS COAST,2024,3420.0
BAW BAW,2024,5845.0
BENALLA,2024,1930.0
BOROONDARA,2024,8804.0
EAST GIPPSLAND,2024,5743.0
GREATER SHEPPARTON,2024,10195.0
INDIGO,2024,662.0
KNOX,2024,11606.0
LATROBE,2024,13353.0
MANNINGHAM,2024,5492.0
MANSFIELD,2024,471.0
MAROONDAH,2024,8642.0
MITCHELL,2024,5705.0
MOIRA,2024,2661.0
MONASH,2024,14965.0
MURRINDINDI,2024,640.0
SOUTH GIPPSLAND,2024,2247.0
STRATHBOGIE,2024,776.0
TOWONG,2024,242.0
WANGARATTA,2024,2861.0
WELLINGTON,2024,5483.0
WHITEHORSE,2024,10902.0
WODONGA,2024,4823.0
YARRA RANGES,2024,7892.0
BAYSIDE,2024,5586.0
CARDINIA,2024,8988.0
CASEY,2024,27251.0
FRANKSTON,2024,17386.0
GLEN EIRA,2024,8236.0
GREATER DANDENONG,2024,20930.0
KINGSTON,2024,12616.0
MORNINGTON PENINSULA,2024,12726.0
PORT PHILLIP,2024,14690.0
STONNINGTON,2024,12939.0
ARARAT,2024,1607.0
BALLARAT,2024,13481.0
BULOKE,2024,362.0
CAMPASPE,2024,4345.0
CENTRAL GOLDFIELDS,2024,1750.0
COLAC-OTWAY,2024,1956.0
CORANGAMITE,2024,894.0
GANNAWARRA,2024,893.0
GLENELG,2024,2084.0
GOLDEN PLAINS,2024,775.0
GREATER BENDIGO,2024,12972.0
GREATER GEELONG,2024,25061.0
HEPBURN,2024,807.0
HINDMARSH,2024,308.0
HORSHAM,2024,2444.0
LODDON,2024,502.0
MACEDON RANGES,2024,2587.0
MILDURA,2024,8590.0
MOORABOOL,2024,2590.0
MOUNT ALEXANDER,2024,1265.0
MOYNE,2024,718.0
NORTHERN GRAMPIANS,2024,1270.0
PYRENEES,2024,471.0
QUEENSCLIFFE,2024,87.0
SOUTHERN GRAMPIANS,2024,1700.0
SURF COAST,2024,1290.0
SWAN HILL,2024,2034.0
WARRNAMBOOL,2024,3640.0
WEST WIMMERA,2024,233.0
YARRIAMBIACK,2024,661.0
BANYULE,2023,8063.0
BRIMBANK,2023,17038.0
DAREBIN,2023,13680.0
HOBSONS BAY,2023,5713.0
HUME,2023,18312.0
MARIBYRNONG,2023,9734.0
MELBOURNE,2023,37719.0
MELTON,2023,12762.0
MERRI-BEK,2023,12749.0
MOONEE VALLEY,2023,8040.0
NILLUMBIK,2023,1786.0
WHITTLESEA,2023,13224.0
WYNDHAM,2023,18627.0
YARRA,2023,12857.0
ALPINE,2023,521.0
BASS COAST,2023,2950.0
BAW BAW,2023,4506.0
BENALLA,2023,1518.0
BOROONDARA,2023,7869.0
EAST GIPPSLAND,2023,5271.0
GREATER SHEPPARTON,2023,8490.0
INDIGO,2023,647.0
KNOX,2023,10150.0
LATROBE,2023,11826.0
MANNINGHAM,2023,4802.0
MANSFIELD,2023,603.0
MAROONDAH,2023,7668.0
MITCHELL,2023,4150.0
MOIRA,2023,2574.0
MONASH,2023,13599.0
MURRINDINDI,2023,826.0
SOUTH GIPPSLAND,2023,2258.0
STRATHBOGIE,2023,529.0
TOWONG,2023,282.0
WANGARATTA,2023,2717.0
WELLINGTON,2023,4677.0
WHITEHORSE,2023,9909.0
WODONGA,2023,4370.0
YARRA RANGES,2023,7114.0
BAYSIDE,2023,5587.0
CARDINIA,2023,7118.0
CASEY,2023,23394.0
FRANKSTON,2023,14961.0
GLEN EIRA,2023,7670.0
GREATER DANDENONG,2023,18788.0
KINGSTON,2023,12587.0
MORNINGTON PENINSULA,2023,9915.0
PORT PHILLIP,2023,12713.0
STONNINGTON,2023,11220.0
ARARAT,2023,1409.0
BALLARAT,2023,11704.0
BULOKE,2023,429.0
CAMPASPE,2023,3923.0
CENTRAL GOLDFIELDS,2023,1201.0
COLAC-OTWAY,2023,1472.0
CORANGAMITE,2023,727.0
GANNAWARRA,2023,993.0
GLENELG,2023,1638.0
GOLDEN PLAINS,2023,731.0
GREATER BENDIGO,2023,11280.0
GREATER GEELONG,2023,22653.0
HEPBURN,2023,711.0
HINDMARSH,2023,310.0
HORSHAM,2023,2757.0
LODDON,2023,447.0
MACEDON RANGES,2023,2124.0
MILDURA,2023,8043.0
MOORABOOL,2023,2588.0
MOUNT ALEXANDER,2023,1097.0
MOYNE,2023,625.0
NORTHERN GRAMPIANS,2023,1078.0
PYRENEES,2023,364.0
QUEENSCLIFFE,2023,93.0
SOUTHERN GRAMPIANS,2023,1226.0
SURF COAST,2023,1205.0
SWAN HILL,2023,2220.0
WARRNAMBOOL,2023,3174.0
WEST WIMMERA,2023,184.0
YARRIAMBIACK,2023,414.0
BANYULE,2022,7667.0
BRIMBANK,2022,16719.0
DAREBIN,2022,12640.0
HOBSONS BAY,2022,5940.0
HUME,2022,18186.0
MARIBYRNONG,2022,8671.0
MELBOURNE,2022,34514.0
MELTON,2022,11972.0
MERRI-BEK,2022,11923.0
MOONEE VALLEY,2022,7572.0
NILLUMBIK,2022,1604.0
WHITTLESEA,2022,12482.0
WYNDHAM,2022,17708.0
YARRA,2022,12877.0
ALPINE,2022,459.0
BASS COAST,2022,2828.0
BAW BAW,2022,4146.0
BENALLA,2022,1324.0
BOROONDARA,2022,7091.0
EAST GIPPSLAND,2022,4881.0
GREATER SHEPPARTON,2022,8918.0
INDIGO,2022,730.0
KNOX,2022,9130.0
LATROBE,2022,11173.0
MANNINGHAM,2022,3807.0
MANSFIELD,2022,383.0
MAROONDAH,2022,7520.0
MITCHELL,2022,3876.0
MOIRA,2022,2046.0
MONASH,2022,11793.0
MURRINDINDI,2022,749.0
SOUTH GIPPSLAND,2022,1923.0
STRATHBOGIE,2022,602.0
TOWONG,2022,159.0
WANGARATTA,2022,2448.0
WELLINGTON,2022,4485.0
WHITEHORSE,2022,7934.0
WODONGA,2022,3632.0
YARRA RANGES,2022,6957.0
BAYSIDE,2022,4946.0
CARDINIA,2022,6155.0
CASEY,2022,20890.0
FRANKSTON,2022,12734.0
GLEN EIRA,2022,6918.0
GREATER DANDENONG,2022,17039.0
KINGSTON,2022,10707.0
MORNINGTON PENINSULA,2022,9294.0
PORT PHILLIP,2022,12589.0
STONNINGTON,2022,11352.0
ARARAT,2022,1341.0
BALLARAT,2022,10952.0
BULOKE,2022,289.0
CAMPASPE,2022,3337.0
CENTRAL GOLDFIELDS,2022,1174.0
COLAC-OTWAY,2022,1550.0
CORANGAMITE,2022,682.0
GANNAWARRA,2022,803.0
GLENELG,2022,1650.0
GOLDEN PLAINS,2022,599.0
GREATER BENDIGO,2022,10458.0
GREATER GEELONG,2022,19884.0
HEPBURN,2022,621.0
HINDMARSH,2022,265.0
HORSHAM,2022,2384.0
LODDON,2022,455.0
MACEDON RANGES,2022,2026.0
MILDURA,2022,7363.0
MOORABOOL,2022,2019.0
MOUNT ALEXANDER,2022,922.0
MOYNE,2022,662.0
NORTHERN GRAMPIANS,2022,984.0
PYRENEES,2022,372.0
QUEENSCLIFFE,2022,109.0
SOUTHERN GRAMPIANS,2022,1257.0
SURF COAST,2022,1057.0
SWAN HILL,2022,2074.0
WARRNAMBOOL,2022,2928.0
WEST WIMMERA,2022,117.0
YARRIAMBIACK,2022,452.0
BANYULE,2021,7350.0
BRIMBANK,2021,16983.0
DAREBIN,2021,12625.0
HOBSONS BAY,2021,5826.0
HUME,2021,17875.0
MARIBYRNONG,2021,8613.0
MELBOURNE,2021,33625.0
MELTON,2021,12080.0
MERRI-BEK,2021,11635.0
MOONEE VALLEY,2021,7887.0
NILLUMBIK,2021,2203.0
WHITTLESEA,2021,13146.0
WYNDHAM,2021,15962.0
YARRA,2021,12147.0
ALPINE,2021,552.0
BASS COAST,2021,3144.0
BAW BAW,2021,4467.0
BENALLA,2021,1420.0
BOROONDARA,2021,7468.0
EAST GIPPSLAND,2021,4920.0
GREATER SHEPPARTON,2021,9103.0
INDIGO,2021,612.0
KNOX,2021,10028.0
LATROBE,2021,11297.0
MANNINGHAM,2021,4001.0
MANSFIELD,2021,487.0
MAROONDAH,2021,7455.0
MITCHELL,2021,3687.0
MOIRA,2021,2347.0
MONASH,2021,11462.0
MURRINDINDI,2021,808.0
SOUTH GIPPSLAND,2021,1703.0
STRATHBOGIE,2021,637.0
TOWONG,2021,194.0
WANGARATTA,2021,2339.0
WELLINGTON,2021,4384.0
WHITEHORSE,2021,7609.0
WODONGA,2021,3439.0
YARRA RANGES,2021,7609.0
BAYSIDE,2021,4280.0
CARDINIA,2021,6419.0
CASEY,2021,19791.0
FRANKSTON,2021,11741.0
GLEN EIRA,2021,6837.0
GREATER DANDENONG,2021,16542.0
KINGSTON,2021,9624.0
MORNINGTON PENINSULA,2021,9008.0
PORT PHILLIP,2021,12351.0
STONNINGTON,2021,10608.0
ARARAT,2021,1592.0
BALLARAT,2021,10121.0
BULOKE,2021,285.0
CAMPASPE,2021,3285.0
CENTRAL GOLDFIELDS,2021,1082.0
COLAC-OTWAY,2021,1551.0
CORANGAMITE,2021,868.0
GANNAWARRA,2021,792.0
GLENELG,2021,1756.0
GOLDEN PLAINS,2021,609.0
GREATER BENDIGO,2021,10465.0
GREATER GEELONG,2021,20010.0
HEPBURN,2021,556.0
HINDMARSH,2021,452.0
HORSHAM,2021,2420.0
LODDON,2021,538.0
MACEDON RANGES,2021,2001.0
MILDURA,2021,6591.0
MOORABOOL,2021,2120.0
MOUNT ALEXANDER,2021,930.0
MOYNE,2021,706.0
NORTHERN GRAMPIANS,2021,1093.0
PYRENEES,2021,455.0
QUEENSCLIFFE,2021,87.0
SOUTHERN GRAMPIANS,2021,1035.0
SURF COAST,2021,1355.0
SWAN HILL,2021,2482.0
WARRNAMBOOL,2021,3125.0
WEST WIMMERA,2021,214.0
YARRIAMBIACK,2021,375.0
BANYULE,2020,9466.0
BRIMBANK,2020,20219.0
DAREBIN,2020,15716.0
HOBSONS BAY,2020,5831.0
HUME,2020,21965.0
MARIBYRNONG,2020,9158.0
MELBOURNE,2020,36451.0
MELTON,2020,14343.0
MERRI-BEK,2020,13782.0
MOONEE VALLEY,2020,8416.0
NILLUMBIK,2020,2287.0
WHITTLESEA,2020,16795.0
WYNDHAM,2020,18258.0
YARRA,2020,14223.0
ALPINE,2020,582.0
BASS COAST,2020,2899.0
BAW BAW,2020,5090.0
BENALLA,2020,1408.0
BOROONDARA,2020,8025.0
EAST GIPPSLAND,2020,5145.0
GREATER SHEPPARTON,2020,9152.0
INDIGO,2020,576.0
KNOX,2020,11980.0
LATROBE,2020,13605.0
MANNINGHAM,2020,4814.0
MANSFIELD,2020,512.0
MAROONDAH,2020,8010.0
MITCHELL,2020,5334.0
MOIRA,2020,2270.0
MONASH,2020,12772.0
MURRINDINDI,2020,896.0
SOUTH GIPPSLAND,2020,1745.0
STRATHBOGIE,2020,615.0
TOWONG,2020,218.0
WANGARATTA,2020,3083.0
WELLINGTON,2020,4851.0
WHITEHORSE,2020,9360.0
WODONGA,2020,3566.0
YARRA RANGES,2020,8760.0
BAYSIDE,2020,5553.0
CARDINIA,2020,7590.0
CASEY,2020,23214.0
FRANKSTON,2020,14781.0
GLEN EIRA,2020,7851.0
GREATER DANDENONG,2020,19340.0
KINGSTON,2020,11651.0
MORNINGTON PENINSULA,2020,11308.0
PORT PHILLIP,2020,13579.0
STONNINGTON,2020,11638.0
ARARAT,2020,1560.0
BALLARAT,2020,9748.0
BULOKE,2020,498.0
CAMPASPE,2020,3781.0
CENTRAL GOLDFIELDS,2020,1162.0
COLAC-OTWAY,2020,1810.0
CORANGAMITE,2020,865.0
GANNAWARRA,2020,961.0
GLENELG,2020,1679.0
GOLDEN PLAINS,2020,590.0
GREATER BENDIGO,2020,11063.0
GREATER GEELONG,2020,22963.0
HEPBURN,2020,712.0
HINDMARSH,2020,590.0
HORSHAM,2020,2477.0
LODDON,2020,532.0
MACEDON RANGES,2020,2722.0
MILDURA,2020,6570.0
MOORABOOL,2020,2686.0
MOUNT ALEXANDER,2020,959.0
MOYNE,2020,675.0
NORTHERN GRAMPIANS,2020,1192.0
PYRENEES,2020,515.0
QUEENSCLIFFE,2020,122.0
SOUTHERN GRAMPIANS,2020,1159.0
SURF COAST,2020,1510.0
SWAN HILL,2020,2491.0
WARRNAMBOOL,2020,3334.0
WEST WIMMERA,2020,169.0
YARRIAMBIACK,2020,505.0
BANYULE,2019,9518.0
BRIMBANK,2019,19778.0
DAREBIN,2019,14530.0
HOBSONS BAY,2019,6224.0
HUME,2019,21389.0
MARIBYRNONG,2019,8923.0
MELBOURNE,2019,36336.0
MELTON,2019,12591.0
MERRI-BEK,2019,14360.0
MOONEE VALLEY,2019,8294.0
NILLUMBIK,2019,2233.0
WHITTLESEA,2019,16489.0
WYNDHAM,2019,16770.0
YARRA,2019,13489.0
ALPINE,2019,571.0
BASS COAST,2019,2500.0
BAW BAW,2019,4766.0
BENALLA,2019,1308.0
BOROONDARA,2019,8145.0
EAST GIPPSLAND,2019,4895.0
GREATER SHEPPARTON,2019,8839.0
INDIGO,2019,600.0
KNOX,2019,11898.0
LATROBE,2019,13991.0
MANNINGHAM,2019,5129.0
MANSFIELD,2019,471.0
MAROONDAH,2019,8176.0
MITCHELL,2019,4820.0
MOIRA,2019,2540.0
MONASH,2019,11706.0
MURRINDINDI,2019,810.0
SOUTH GIPPSLAND,2019,1726.0
STRATHBOGIE,2019,628.0
TOWONG,2019,214.0
WANGARATTA,2019,2519.0
WELLINGTON,2019,4590.0
WHITEHORSE,2019,9212.0
WODONGA,2019,3745.0
YARRA RANGES,2019,9172.0
BAYSIDE,2019,5071.0
CARDINIA,2019,6634.0
CASEY,2019,22547.0
FRANKSTON,2019,14921.0
GLEN EIRA,2019,7384.0
GREATER DANDENONG,2019,18891.0
KINGSTON,2019,12139.0
MORNINGTON PENINSULA,2019,11210.0
PORT PHILLIP,2019,12558.0
STONNINGTON,2019,11746.0
ARARAT,2019,1262.0
BALLARAT,2019,11735.0
BULOKE,2019,300.0
CAMPASPE,2019,3964.0
CENTRAL GOLDFIELDS,2019,1411.0
COLAC-OTWAY,2019,1637.0
CORANGAMITE,2019,646.0
GANNAWARRA,2019,829.0
GLENELG,2019,1674.0
GOLDEN PLAINS,2019,648.0
GREATER BENDIGO,2019,11450.0
GREATER GEELONG,2019,21704.0
HEPBURN,2019,867.0
HINDMARSH,2019,330.0
HORSHAM,2019,1953.0
LODDON,2019,476.0
MACEDON RANGES,2019,2447.0
MILDURA,2019,7424.0
MOORABOOL,2019,2125.0
MOUNT ALEXANDER,2019,1230.0
MOYNE,2019,684.0
NORTHERN GRAMPIANS,2019,1104.0
PYRENEES,2019,654.0
QUEENSCLIFFE,2019,116.0
SOUTHERN GRAMPIANS,2019,1215.0
SURF COAST,2019,1257.0
SWAN HILL,2019,2625.0
WARRNAMBOOL,2019,3450.0
WEST WIMMERA,2019,168.0
YARRIAMBIACK,2019,475.0
BANYULE,2018,9396.0
BRIMBANK,2018,19026.0
DAREBIN,2018,15244.0
HOBSONS BAY,2018,6237.0
HUME,2018,20692.0
MARIBYRNONG,2018,8461.0
MELBOURNE,2018,36160.0
MELTON,2018,10672.0
MERRI-BEK,2018,14544.0
MOONEE VALLEY,2018,8609.0
NILLUMBIK,2018,2110.0
WHITTLESEA,2018,15620.0
WYNDHAM,2018,14456.0
YARRA,2018,13680.0
ALPINE,2018,580.0
BASS COAST,2018,2211.0
BAW BAW,2018,4516.0
BENALLA,2018,1191.0
BOROONDARA,2018,6958.0
EAST GIPPSLAND,2018,4507.0
GREATER SHEPPARTON,2018,8749.0
INDIGO,2018,451.0
KNOX,2018,10793.0
LATROBE,2018,14573.0
MANNINGHAM,2018,4359.0
MANSFIELD,2018,480.0
MAROONDAH,2018,8099.0
MITCHELL,2018,4316.0
MOIRA,2018,2115.0
MONASH,2018,10303.0
MURRINDINDI,2018,717.0
SOUTH GIPPSLAND,2018,1447.0
STRATHBOGIE,2018,604.0
TOWONG,2018,212.0
WANGARATTA,2018,2387.0
WELLINGTON,2018,3999.0
WHITEHORSE,2018,8206.0
WODONGA,2018,3207.0
YARRA RANGES,2018,7660.0
BAYSIDE,2018,4670.0
CARDINIA,2018,6052.0
CASEY,2018,21013.0
FRANKSTON,2018,14887.0
GLEN EIRA,2018,6507.0
GREATER DANDENONG,2018,18267.0
KINGSTON,2018,11028.0
MORNINGTON PENINSULA,2018,10797.0
PORT PHILLIP,2018,13102.0
STONNINGTON,2018,10769.0
ARARAT,2018,1349.0
BALLARAT,2018,10852.0
BULOKE,2018,237.0
CAMPASPE,2018,3801.0
CENTRAL GOLDFIELDS,2018,1295.0
COLAC-OTWAY,2018,1595.0
CORANGAMITE,2018,715.0
GANNAWARRA,2018,750.0
GLENELG,2018,1343.0
GOLDEN PLAINS,2018,688.0
GREATER BENDIGO,2018,10549.0
GREATER GEELONG,2018,20766.0
HEPBURN,2018,740.0
HINDMARSH,2018,352.0
HORSHAM,2018,3020.0
LODDON,2018,490.0
MACEDON RANGES,2018,2329.0
MILDURA,2018,7325.0
MOORABOOL,2018,2440.0
MOUNT ALEXANDER,2018,887.0
MOYNE,2018,529.0
NORTHERN GRAMPIANS,2018,988.0
PYRENEES,2018,501.0
QUEENSCLIFFE,2018,303.0
SOUTHERN GRAMPIANS,2018,1562.0
SURF COAST,2018,1185.0
SWAN HILL,2018,2525.0
WARRNAMBOOL,2018,3950.0
WEST WIMMERA,2018,166.0
YARRIAMBIACK,2018,503.0
BANYULE,2017,9637.0
BRIMBANK,2017,17120.0
DAREBIN,2017,14799.0
HOBSONS BAY,2017,6077.0
HUME,2017,20195.0
MARIBYRNONG,2017,8017.0
MELBOURNE,2017,36464.0
MELTON,2017,10636.0
MERRI-BEK,2017,12742.0
MOONEE VALLEY,2017,8609.0
NILLUMBIK,2017,2334.0
WHITTLESEA,2017,15574.0
WYNDHAM,2017,14221.0
YARRA,2017,13268.0
ALPINE,2017,454.0
BASS COAST,2017,2574.0
BAW BAW,2017,3761.0
BENALLA,2017,1293.0
BOROONDARA,2017,7336.0
EAST GIPPSLAND,2017,3944.0
GREATER SHEPPARTON,2017,8044.0
INDIGO,2017,490.0
KNOX,2017,11261.0
LATROBE,2017,13318.0
MANNINGHAM,2017,4887.0
MANSFIELD,2017,664.0
MAROONDAH,2017,8287.0
MITCHELL,2017,4403.0
MOIRA,2017,1927.0
MONASH,2017,11089.0
MURRINDINDI,2017,715.0
SOUTH GIPPSLAND,2017,1442.0
STRATHBOGIE,2017,568.0
TOWONG,2017,217.0
WANGARATTA,2017,2344.0
WELLINGTON,2017,3665.0
WHITEHORSE,2017,8290.0
WODONGA,2017,3297.0
YARRA RANGES,2017,8201.0
BAYSIDE,2017,4743.0
CARDINIA,2017,5813.0
CASEY,2017,21243.0
FRANKSTON,2017,14263.0
GLEN EIRA,2017,6825.0
GREATER DANDENONG,2017,18064.0
KINGSTON,2017,10724.0
MORNINGTON PENINSULA,2017,10893.0
PORT PHILLIP,2017,12511.0
STONNINGTON,2017,9895.0
ARARAT,2017,1255.0
BALLARAT,2017,11556.0
BULOKE,2017,199.0
CAMPASPE,2017,3378.0
CENTRAL GOLDFIELDS,2017,1452.0
COLAC-OTWAY,2017,1741.0
CORANGAMITE,2017,1013.0
GANNAWARRA,2017,569.0
GLENELG,2017,1639.0
GOLDEN PLAINS,2017,688.0
GREATER BENDIGO,2017,9703.0
GREATER GEELONG,2017,22941.0
HEPBURN,2017,886.0
HINDMARSH,2017,385.0
HORSHAM,2017,2393.0
LODDON,2017,346.0
MACEDON RANGES,2017,2115.0
MILDURA,2017,6468.0
MOORABOOL,2017,2144.0
MOUNT ALEXANDER,2017,1027.0
MOYNE,2017,622.0
NORTHERN GRAMPIANS,2017,1055.0
PYRENEES,2017,527.0
QUEENSCLIFFE,2017,133.0
SOUTHERN GRAMPIANS,2017,1277.0
SURF COAST,2017,1165.0
SWAN HILL,2017,2412.0
WARRNAMBOOL,2017,3474.0
WEST WIMMERA,2017,188.0
YARRIAMBIACK,2017,478.0
BANYULE,2016,10050.0
BRIMBANK,2016,19127.0
DAREBIN,2016,16853.0
HOBSONS BAY,2016,6701.0
HUME,2016,23638.0
MARIBYRNONG,2016,9141.0
MELBOURNE,2016,37852.0
MELTON,2016,12047.0
MERRI-BEK,2016,14864.0
MOONEE VALLEY,2016,9635.0
NILLUMBIK,2016,3189.0
WHITTLESEA,2016,16656.0
WYNDHAM,2016,15373.0
YARRA,2016,14003.0
ALPINE,2016,387.0
BASS COAST,2016,2948.0
BAW BAW,2016,4132.0
BENALLA,2016,1605.0
BOROONDARA,2016,8420.0
EAST GIPPSLAND,2016,4152.0
GREATER SHEPPARTON,2016,8391.0
INDIGO,2016,395.0
KNOX,2016,12125.0
LATROBE,2016,14479.0
MANNINGHAM,2016,5002.0
MANSFIELD,2016,618.0
MAROONDAH,2016,9203.0
MITCHELL,2016,4713.0
MOIRA,2016,1944.0
MONASH,2016,12512.0
MURRINDINDI,2016,714.0
SOUTH GIPPSLAND,2016,1507.0
STRATHBOGIE,2016,676.0
TOWONG,2016,245.0
WANGARATTA,2016,2594.0
WELLINGTON,2016,4747.0
WHITEHORSE,2016,7983.0
WODONGA,2016,3311.0
YARRA RANGES,2016,8905.0
BAYSIDE,2016,5374.0
CARDINIA,2016,7227.0
CASEY,2016,24083.0
FRANKSTON,2016,16903.0
GLEN EIRA,2016,7480.0
GREATER DANDENONG,2016,20609.0
KINGSTON,2016,11592.0
MORNINGTON PENINSULA,2016,12005.0
PORT PHILLIP,2016,13623.0
STONNINGTON,2016,11613.0
ARARAT,2016,1177.0
BALLARAT,2016,12076.0
BULOKE,2016,230.0
CAMPASPE,2016,3851.0
CENTRAL GOLDFIELDS,2016,1508.0
COLAC-OTWAY,2016,1994.0
CORANGAMITE,2016,958.0
GANNAWARRA,2016,612.0
GLENELG,2016,1673.0
GOLDEN PLAINS,2016,866.0
GREATER BENDIGO,2016,10851.0
GREATER GEELONG,2016,22959.0
HEPBURN,2016,917.0
HINDMARSH,2016,370.0
HORSHAM,2016,2824.0
LODDON,2016,476.0
MACEDON RANGES,2016,2444.0
MILDURA,2016,6517.0
MOORABOOL,2016,2529.0
MOUNT ALEXANDER,2016,1257.0
MOYNE,2016,648.0
NORTHERN GRAMPIANS,2016,1346.0
PYRENEES,2016,561.0
QUEENSCLIFFE,2016,143.0
SOUTHERN GRAMPIANS,2016,1350.0
SURF COAST,2016,1351.0
SWAN HILL,2016,2224.0
WARRNAMBOOL,2016,3235.0
WEST WIMMERA,2016,187.0
YARRIAMBIACK,2016,440.0
